id,name,description,page_url,image_url
1,憧れの品種を飲み比べ！ピノ・ノワール5本セット VR6-1 [750ml x 5],定番のフランス・ブルゴーニュから、NZやアメリカなどの注目産地まで！世界各国で造られる多彩な味わいのピノ・ノワールをセレクト。,https://www.enoteca.co.jp/item/detail/890920C400C5P,https://enoteca.imagewave.pictures/EMqVaeivEQn39oSK4cdqaA
2,濃厚な味わいを楽しむ！コク旨赤ワイン５本セット VB5-1 [750ml x 5],凝縮した果実味と滑らかな口当たりが特徴の赤ワイン5本をセレクト。濃厚な赤ワイン好き必見のラインナップ。,https://www.enoteca.co.jp/item/detail/890920AL00C5P,https://enoteca.imagewave.pictures/as4xSSu5QBzsyTCFqgDpgA
3,エボ,イタリア最高峰のワインを追求するトスカーナの注目ワイナリー。芳醇なアロマが魅力の、トスカーナらしさ溢れるチャーミングな赤ワイン。,https://www.enoteca.co.jp/item/detail/046504541,https://enoteca.imagewave.pictures/YvZOJJvng/bottle-500
4,バルベラ・ダルバ,ピエモンテで100年以上続く老舗ワイナリー。ピュアな果実味たっぷりの、地元で愛される普段飲みワイン。,https://www.enoteca.co.jp/item/detail/044523321,https://enoteca.imagewave.pictures/UojwiJMksHsN3mCodiQ8CU/bottle-500
5,バッルーア,専門誌から高い評価を受けるサルデーニャの実力派。名醸造家に磨き上げられ、濃厚なスタイルながらも驚くべきエレガンスを発揮するフラッグシップキュヴェ。,https://www.enoteca.co.jp/item/detail/046624281,https://enoteca.imagewave.pictures/Gf8duWoMyFjSYuNEiDPy8Y/bottle-500
6,レゼルヴ・ムートン・カデ・メドック,格付け第一級シャトーが手掛ける、ムートン・カデの上級シリーズ。メドックらしさを表現した厚みのある果実味と複雑なニュアンスが魅力。,https://www.enoteca.co.jp/item/detail/010054241,https://enoteca.imagewave.pictures/jbqmXq3infSPohV5R7n2qM/bottle-500
7,ソモンターノ カベルネ・ソーヴィニヨン・メルロ,世界中のシェフを夢中にさせるエナーテが手掛ける、ボルドーブレンドのモダン・スパニッシュ赤ワイン。芳醇な果実味によるジューシーな味わいが魅力。,https://www.enoteca.co.jp/item/detail/087000071,https://enoteca.imagewave.pictures/ezxdb1D7R/bottle-500
8,ピノタージュ・シラーズ,南アフリカの名門ルパート家が造る、上質なブドウのみをブレンドして仕立てられる赤ワイン。果実味溢れるハイクオリティな味わいが魅力。,https://www.enoteca.co.jp/item/detail/130580021,https://enoteca.imagewave.pictures/95FdbJvnR/bottle-500
9,ブルゴーニュ・ピノ・ノワール ラ・ムートニエール,5世代続く老舗大規模メゾンによる、フルーティーな1本。サン・トーバン村を中心にサヴィニー・レ・ボーヌなどのブドウを巧みにブレンド。,https://www.enoteca.co.jp/item/detail/023901060,https://enoteca.imagewave.pictures/XHXmZMCzsZ3pQ7xJPaKJTS/bottle-500
10,モンテス・アルファ・カベルネ・ソーヴィニヨン,チリワインの確固たる地位を築いた、モンテス社が世界に誇るプレミアムワイン。エレガントで果実味豊かなフルボディ。,https://www.enoteca.co.jp/item/detail/066810121,https://enoteca.imagewave.pictures/gDZ3jpgGLxBryAmuR3LChN/bottle-500
11,セネカ・レイク ピノ・ノワール・クラシック,世界で最も活発なワイン産地のひとつ、NYでローヌの巨匠サン・コムが手掛ける小規模ワイナリー。熟した果実味と酸の完璧なハーモニーが魅力。,https://www.enoteca.co.jp/item/detail/160020021,https://enoteca.imagewave.pictures/cYpSNhCQRVijATqZzWQSxg/bottle-500
12,クローズ・エルミタージュ・ルージュ,北ローヌの新時代ドメーヌ。熟度が高いブドウから造られる1 本。エレガントかつしっかりとした骨格を備えた、熟成ポテンシャルに優れた仕上がり。,https://www.enoteca.co.jp/item/detail/034AX0070,https://enoteca.imagewave.pictures/chhPEzjw5yvWYGMjoNMGxS/bottle-500
13,ショレイ・レ・ボーヌ,星付きレストランのソムリエをも魅了する名門ドメーヌ。いつ開けても両手を広げて歓迎してくれるような、親しみやすく優しい果実味が魅力の1本。,https://www.enoteca.co.jp/item/detail/021300661,https://enoteca.imagewave.pictures/sZ4q0Jv7g/bottle-500
14,バーデン ギプスコイパー・シュペートブルグンダー,オーガニックなワインメイキングを行う、ドイツ・バーデンの実力派ワイナリー。土壌の特性が表現された、シルキーな口当たりとミネラル感溢れるスタイルが魅力。,https://www.enoteca.co.jp/item/detail/1002Q0090,https://enoteca.imagewave.pictures/NAEekWFLLw8GVLVG3EswwC/bottle-500
15,バーデン ローテンベルク・シュペートブルグンダー,オーガニックなワインメイキングを行う、ドイツ・バーデンの実力派ワイナリー。平均樹齢55年の古樹ブドウで仕立てる、果実味やミネラル感、ロースト香が重なり合った、驚くほど凝縮感のある仕上がり。,https://www.enoteca.co.jp/item/detail/1002Q0050,https://enoteca.imagewave.pictures/D48iSs6ARstuAT8exma2Ne/bottle-500
16,ロシアン･リヴァー･ヴァレー ピノ・ノワール,天才醸造家が手掛けるブティックワイナリー。アメリカ屈指の銘醸地生むピノ・ノワール。冷涼なテロワールで磨き抜かれた洗練されたスタイル。,https://www.enoteca.co.jp/item/detail/056712001,https://enoteca.imagewave.pictures/08Odx1v7g/bottle-500
17,ラ・ダム・ド・モンローズ,「サン・テステフのラトゥール」の異名を持つ、格付け第ニ級モンローズのセカンドラベル。濃厚な果実味とタンニンが溶け合う魅惑的な味わい。,https://www.enoteca.co.jp/item/detail/010012501,https://enoteca.imagewave.pictures/fLXHiH5RGirLGAnkU7t8SM/bottle-500
18,マウレ・ヴァレー マプ・カベルネ・ソーヴィニヨン,ロスチャイルド社がチリで手掛けるワイナリー。チリの中でも最大かつ最古のワイン産地から生まれる、フレッシュかつ豊かな果実味が魅力的な1本。,https://www.enoteca.co.jp/item/detail/066861071,https://enoteca.imagewave.pictures/bsvnJ1v7R/bottle-500
19,マウレ・ヴァレー マプ・メルロ,ロスチャイルド社がチリで手掛けるワイナリー。チリの中でも最大かつ最古のワイン産地から生まれる、親しみやすく飲みごたえのあるメルロ。,https://www.enoteca.co.jp/item/detail/066860597,https://enoteca.imagewave.pictures/nrVnJJvnR/bottle-500
1,キリッと辛口！キレ旨白ワイン6本セット WW6-1 [750ml x 6],チリの人気生産者が手掛けるソーヴィニヨン・ブランをはじめ、ドイツの辛口リースリングなど、キレのある味わいを楽しむ白ワイン6本セット。,https://www.enoteca.co.jp/item/detail/890920CL00C5P,https://enoteca.imagewave.pictures/VndANYivcWUwnnheTq4hKZ
2,フランス産白ワイン6本セット WW5-3 [750ml x 6],ご好評につきアイテム一部リニューアル！爽やかで上品なブルゴーニュ・ブランを筆頭に、6つの銘醸地で造られる多彩な味わいを飲み比べて楽しむ6本セット。,https://www.enoteca.co.jp/item/detail/890920BZ00C5P,https://enoteca.imagewave.pictures/TgoBsLQJPaZ8KKVhvQod6
3,ヴィナーエ,「現代イタリア白ワインの聖地」フリウリを世に広めた名手。華やかでエキゾチックな味わいの、ワイナリーを代表する特別なワイン。,https://www.enoteca.co.jp/item/detail/045173942,https://enoteca.imagewave.pictures/oHjpUAv7R/bottle-500
4,ヴィスタマーレ,"ガヤの真髄を引き継ぐボルゲリのワイナリー。""オーシャンヴュー""という名前に相応しい、ミネラル感と爽やかさが魅力の上品な仕上がり。",https://www.enoteca.co.jp/item/detail/044653402,https://enoteca.imagewave.pictures/3yqpxBcwaxdcgfEQnSRx3B/bottle-500
5,ムートン・カデ・ブラン,格付け第一級シャトーが手掛ける、世界で一番愛されるカジュアルなボルドーワイン。柑橘系果実の爽やかな風味と心地良い酸味が魅力。,https://www.enoteca.co.jp/item/detail/017654222,https://enoteca.imagewave.pictures/C5s5Asgfg4CUf4eFRhR327/bottle-500
6,マーティンボロ エステート・ソーヴィニヨン・ブラン,「グレープ・ファースト」の精神により、土地固有の個性が存分に活かされたワインに仕立てる新生ワイナリー。ほのかな花の香りと穏やかな酸が魅力の、爽やかな白,https://www.enoteca.co.jp/item/detail/0901K0010,https://enoteca.imagewave.pictures/ynEc87eNEbSNfCHhDmyRVc/bottle-500
7,ペネデス ヴィーニャ・ジジ・シャルドネ,スペインにおける国際品種栽培の先駆けとなるワイナリー。シャルドネに適した単一畑で仕立てる、濃厚な味わいとエレガンスを兼備した1本。,https://www.enoteca.co.jp/item/detail/080060052,https://enoteca.imagewave.pictures/6nNAchcdwZ6qo7HtQZtDEN/bottle-500
8,セラー・セレクション・ソーヴィニヨン・ブラン,日本で一番売れているニュージーランドワインブランド、シレーニが手掛ける人気の白ワイン。フレッシュでクリアな味わいが幅広い料理と合う1本。,https://www.enoteca.co.jp/item/detail/098630142,https://enoteca.imagewave.pictures/3vx4ciq3jHcSM4aHTZ4v7N/bottle-500
9,ラングドック マゼラン・ブラン,ブルゴーニュで高名なラフォン一族のブルーノ氏が、南フランスで営むワイナリー。力強いアロマとコクのある味わいのハイコスパ白ワイン。,https://www.enoteca.co.jp/item/detail/357644212,https://enoteca.imagewave.pictures/LbrKxJv7g/bottle-500
10,マコン・ヴィラージュ,ムルソーのスペシャリストとして名高いコント・ラフォンがマコンで手掛ける1本。柑橘系のフレッシュなアロマと、溢れんばかりの瑞々しい果実味が魅力。,https://www.enoteca.co.jp/item/detail/020664492,https://enoteca.imagewave.pictures/GGQG11v7R/bottle-500
11,ダイヤモンド・コレクション ピノ・グリ―ジョ,映画界の巨匠、コッポラ氏が設立したワイナリー。ナチュラルな酸味と塩気を帯びた風味が特徴の白ワイン。,https://www.enoteca.co.jp/item/detail/051140170,https://enoteca.imagewave.pictures/eU8g6Af5xgXGxdcjNRd9v8/bottle-500
12,リースリング・スマラクト・リード・アッハライテン,繊細なワインで評価を得る、オーストリアのトップワイナリー。瑞々しい果実味としっかりとしたミネラル感が特徴の1本。,https://www.enoteca.co.jp/item/detail/1400I0060,https://enoteca.imagewave.pictures/WrJsdpmwokEmvbq5aNorrM/bottle-500
13,バーデン キルヒベルク・ヴァイスブルグンダー,オーガニックなワインメイキングを行う、ドイツ・バーデンの実力派ワイナリー。古樹のピノ・ブランとシャルドネを使用した、ミネラル感と控えめなロースト香が、果実味とバランスよく融合した1本。,https://www.enoteca.co.jp/item/detail/1002Q0020,https://enoteca.imagewave.pictures/fbS4aYB3KZPWV8QMAzK5NY/bottle-500
14,ラインガウ リースリング・フォルラーツ,銘醸地ラインガウを代表するリースリングの名門。爽やかで優しい飲み口が魅力的な、透明感溢れる辛口リースリング。,https://www.enoteca.co.jp/item/detail/109145122,https://enoteca.imagewave.pictures/1INObJDng/bottle-500
15,ラインガウ ゾンマー・クーベーアー・トロッケン,伝統と革新の銘醸地ラインガウにおける名門ワイナリー。夏という名のリースリング。屋外で楽しみたい、フレッシュで爽快な味わいの白ワイン。,https://www.enoteca.co.jp/item/detail/109140040,https://enoteca.imagewave.pictures/HukTxJD7R/bottle-500
16,ラインガウ・リースリング・クヴァリテーツヴァイン・トロッケン,伝統と革新の銘醸地ラインガウにおける名門ワイナリー。リースリングで仕立てる、バランスに長けた爽やかな辛口白ワイン。,https://www.enoteca.co.jp/item/detail/109145132,https://enoteca.imagewave.pictures/5kNdbJD7g/bottle-500
17,ナーエ リースリング・トロッケン,ドイツを代表するリースリングの造り手。豊富なミネラル感と美しい果実味が広がる、渾身のスタンダードキュヴェ。,https://www.enoteca.co.jp/item/detail/100260010,https://enoteca.imagewave.pictures/tYhq9T5HCPs5uwczgcXwn7/bottle-500
18,ナーエ クロイツナッハ・カーレンベルグ・リースリング・トロッケン,ワイン評価誌から絶賛される、ナーエの代表的生産者。熟したブドウから造られる、魅惑的なアロマとエレガンスを併せ持った辛口リースリング。,https://www.enoteca.co.jp/item/detail/100260180,https://enoteca.imagewave.pictures/aGkZquYmmqnaZGjHjS3MkF/bottle-500
19,マウレ・ヴァレー マプ・ソーヴィニヨン・ブラン,5大シャトーの1つ、シャトー・ムートンを所有するロスチャイルド社がチリで手掛けるデイリーワイン。フレッシュで溌剌とした味わい。,https://www.enoteca.co.jp/item/detail/066860607,https://enoteca.imagewave.pictures/yzPdJ1D7g/bottle-500
1,クラレンドル・ロゼ,オー・ブリオンの血統を引く高貴なボルドーワイン、クラレンドル。芳醇かつエレガントな味わいが魅力の1本。,https://www.enoteca.co.jp/item/detail/010105963,https://enoteca.imagewave.pictures/EVSPrpyr4YoN6gQXhaBX4n/bottle-500
2,ムートン・カデ・ロゼ,一級シャトーのエッセンスを受け継いだ華やかなアロマが香るロゼワイン。フレッシュかつ繊細で気品のあるスタイル。,https://www.enoteca.co.jp/item/detail/017654223,https://enoteca.imagewave.pictures/XNHvdPGDGLfm6JRicBKci9/bottle-500
3,モンテス・シェラブ・ロゼ,エノテカ一押しチリワイナリーが手掛ける、シラーの個性が生きた魅惑のロゼ。濃密なアロマとジューシーな果実味。,https://www.enoteca.co.jp/item/detail/066810023,https://enoteca.imagewave.pictures/2J4cb1vnR/bottle-500
4,メンドーサ ロサード・デ・マルベック,スワロフスキー社が所有する、アルゼンチンを代表するワイナリー。アルゼンチンの主要品種で造られた爽やかな酸と心地よい余韻が楽しめるロゼ。,https://www.enoteca.co.jp/item/detail/076900020,https://enoteca.imagewave.pictures/Pa8hb1v7R/bottle-500
5,ロスタル・ロゼ,ボルドーの名門、ランシュ・バージュが南仏で手掛けるチャーミングなロゼワイン。美しい色合いと華やかなアロマが魅力の、軽やかな味わい。,https://www.enoteca.co.jp/item/detail/032710040,https://enoteca.imagewave.pictures/pcwTx1vng/bottle-500
6,ラングドック ソース・オブ・ジョイ,輝かしい実績を誇る南仏ヒットメーカー。芳醇な果実のアロマとフレッシュな余韻が魅力のエレガントな味わい。,https://www.enoteca.co.jp/item/detail/030070470,https://enoteca.imagewave.pictures/tvNvHe6XMKBg39Xw3HinuB/bottle-500
7,コート・ド・プロヴァンス バイ・オット・ロゼ,"""キング・オブ・ロゼ""のエッセンスを気軽に楽しめる1本。フレッシュでフルーティーな味わいが魅力の上質なロゼ。",https://www.enoteca.co.jp/item/detail/347282483,https://enoteca.imagewave.pictures/EqBd8Av7g/bottle-500
8,サンセール・ロゼ,100年以上の歴史を誇るサンセールの名門が手掛けるロゼワイン。フレッシュな果実味を重視した造りから生まれる、爽やかな味わい。,https://www.enoteca.co.jp/item/detail/032840120,https://enoteca.imagewave.pictures/SFxugnNiQCHPByaDJjDU8P/bottle-500
9,ヴィーニャ・エスメラルダ ロゼ,「キング・オブ・スペイン」と名高い、スペインを代表する名門ワイナリー。夕日に輝く地中海をイメージして造られる、繊細なアロマとフレッシュな味わい。,https://www.enoteca.co.jp/item/detail/080050123,https://enoteca.imagewave.pictures/vv3knwkLJMMSs7UPHYvL2J/bottle-500
10,サングレ・デ・トロ・ロゼ,「キング・オブ・スペイン」と名高い、スペインを代表する名門ワイナリー。世界中で親しまれている人気シリーズ。華やかでフルーティーな味わいを楽しめる1本。,https://www.enoteca.co.jp/item/detail/080059983,https://enoteca.imagewave.pictures/TZQ3autqsL5gPt4og2v5bC/bottle-500
11,サンタ・ディグナ・カベルネ・ソーヴィニヨン・ロゼ・レゼルヴァ,チリでクオリティワインを確立したパイオニア。設立40周年の記念ボトル!カベルネ・ソーヴィニヨンで仕立てる華やかな香りが魅力の辛口ロゼ。,https://www.enoteca.co.jp/item/detail/066870293,https://enoteca.imagewave.pictures/rGLk3fGzn7S6z3Vzxzoun8/bottle-500
12,ムートン・カデ・ロゼ・オーガニック・バイ・マチルド,シャトー・ムートンの血統を受け継ぐカジュアルワイン、ムートン・カデ。ワイン造りの「今」が詰まった、フレッシュなオーガニック・ロゼワイン。,https://www.enoteca.co.jp/item/detail/017652410,https://enoteca.imagewave.pictures/fzEMLUCSaT265NCj62PZB4/bottle-500
13,ジンガリ・ロザート,フランチャコルタの名門ベラヴィスタが、トスカーナの地で手掛けるワイナリー。良質な酸と凝縮感のある果実味が魅力のロゼワイン。,https://www.enoteca.co.jp/item/detail/046500390,https://enoteca.imagewave.pictures/Aho1bJv7R/bottle-500
14,ボッロ・ローザ,フェラガモ・ファミリーが手掛けるロゼワイン。サンジョヴェーゼのフレッシュさを見事に表現した、凛とした酸が際立つ繊細でクリスプな味わい。,https://www.enoteca.co.jp/item/detail/046570780,https://enoteca.imagewave.pictures/nV5nLEemvaJGgUjjbv4XC6/bottle-500
15,クララ・ロゼ,名門ディロン家が南仏の輝きを詰め込んだ、チャーミングかつ洗練されたワイン。瑞々しい果実感に甘やかなニュアンスが重なった、親しみやすいロゼ。,https://www.enoteca.co.jp/item/detail/0305165P002300040,https://enoteca.imagewave.pictures/3GyDYcbbw7GzPgXHokAz2b/bottle-500
16,ロゼ・アティテュード,ロワール屈指の自然派ワイナリー。ピノ・ノワール主体で造られる、フィネスと果実味が魅力のロゼワイン。バランスに優れた、まろやかな喉越しの1本。,https://www.enoteca.co.jp/item/detail/337344443,https://enoteca.imagewave.pictures/1xU-UTK7R/bottle-500
17,パープル・ロゼ,キャンティ・クラシコの頂点を極めた、イタリアワイン界の名門。サンジョヴェーゼ特有の華やかで奥深いアロマと、気品に満ちた味わいが魅力的なロゼワイン。,https://www.enoteca.co.jp/item/detail/045030130,https://enoteca.imagewave.pictures/O34Ab1D7R/bottle-500
18,カザル・ガルシア・ロゼ,高いコストパフォーマンスを誇る軽やかなロゼワイン。ベリーを頬張っているようなフルーティーさとフレッシュさが魅力。,https://www.enoteca.co.jp/item/detail/AS0240020,https://enoteca.imagewave.pictures/78ZNcvaCLh6GTopQrLc7Aj/bottle-500
19,ル・フルイ・デフォンデュ・ロゼ,ブルゴーニュで高名なラフォン一族のブルーノ氏が、南フランスで営むワイナリー。瑞々しくピュアな果実味を備えた爽やかなロゼワイン。,https://www.enoteca.co.jp/item/detail/037640190,https://enoteca.imagewave.pictures/MCh9rxBivPQsuB2gx6STPD/bottle-500
1,泡好き必見！スパークリングワイン5本セット UP6-1 [750ml x 5],軽快な飲み口と魅惑的なアロマが魅力のカリフォルニア産スパークリングや、並みのシャンパーニュを凌ぐ長期熟成のカヴァなど、泡好きな方におススメの5本をセレクト。,https://www.enoteca.co.jp/item/detail/890920BU00C500310,https://enoteca.imagewave.pictures/FCXdA2rHdWQtMHKdHGXd8S
2,フランチャコルタ・グランデ・キュヴェ・アルマ・ブリュット [ボックスなし],キメ細かい泡、程よい果実味、美しい酸。全ての要素が調和した、フランチャコルタの定番。,https://www.enoteca.co.jp/item/detail/046123968,https://enoteca.imagewave.pictures/b72BsAD7g/bottle-500
3,ルーアンヌ・ブリュット・ナチュール・ロゼ,ジコンダスの名門サン・コムが新たな挑戦として手掛けるワイナリー。瑞々しい果実のアロマが感じられるチャーミングなロゼスパークリングワイン。,https://www.enoteca.co.jp/item/detail/0346E0050,https://enoteca.imagewave.pictures/b2A7uwd2bUWbY4MQ6vgQRm/bottle-500
4,ラインガウ リースリング ゼクト・エクストラ・ブリュット,伝統と革新の銘醸地ラインガウにおける名門ワイナリー。39ヵ月間澱と共に熟成し造られる、複雑なアロマとエレガントな酸が魅力の1本。,https://www.enoteca.co.jp/item/detail/109140660,https://enoteca.imagewave.pictures/822EmiYEz3VqdAmS6CsqLe/bottle-500
5,マキシム・ブラン グランド・トラディション,シャンパーニュ北限の地で、若き醸造家が手掛けるRM。綺麗に伸びる酸味、豊富なミネラル感が、ブルゴーニュの上質な白ワインを彷彿とさせる逸品。,https://www.enoteca.co.jp/item/detail/030540070,https://enoteca.imagewave.pictures/6RxpvsCthG9iDpUdCyLbRn/bottle-500
6,ラインガウ リースリング・ゼクト・ブリュット,伝統と革新の銘醸地ラインガウにおける名門ワイナリー。よく熟したリースリングを用いて瓶内二次発酵で仕立てられるスパークリング。,https://www.enoteca.co.jp/item/detail/109145272,https://enoteca.imagewave.pictures/6iUEpvJgTXLbkwJebqwGKb/bottle-500
7,サングレ・デ・トロ・スパークリング・ブリュット,スペインワインを牽引する名生産者が手掛ける、ハイコスパ・スパークリングワイン。きめ細やかな泡と華やかな果実味、クリーミーな味わいが魅力。,https://www.enoteca.co.jp/item/detail/080052320,https://enoteca.imagewave.pictures/JX73Pp28DtqY2RNVTft2wE/bottle-500
8,ヴィーニャ・エスメラルダ スパークリング・ブリュット,名門トーレスが手掛ける、大人気エスメラルダシリーズ初のスパークリング。地中海をイメージした、華やかでエレガントな味わいの1本。,https://www.enoteca.co.jp/item/detail/080051010,https://enoteca.imagewave.pictures/zVDj9d9zquEw3czst5ejkY/bottle-500
9,サンタ・ディグナ・エステラード・ブリュット・ロゼ,チリでクオリティワインを確立したパイオニア。チリNo.1スパークリングに輝いた、リッチで香り豊かなロゼスパークリング。,https://www.enoteca.co.jp/item/detail/066870093,https://enoteca.imagewave.pictures/3mWM526Z9hwbJUqb7n4GP7/bottle-500
10,セカノ・インテリオール ラス・ムラス・エクストラ・ブリュット,チリでクオリティワインを確立したパイオニア。チリの伝統品種パイスのみを使用した、フレッシュなオーガニック・スパークリングワイン。,https://www.enoteca.co.jp/item/detail/066871000,https://enoteca.imagewave.pictures/xvzDH5vic3TziiLRHmokXk/bottle-500
11,モスカート・ダスティ,ピエモンテで100年以上続く老舗ワイナリー。繊細な泡とコクを感じる甘みが魅力のモスカート・ダスティ。,https://www.enoteca.co.jp/item/detail/044523042,https://enoteca.imagewave.pictures/1t7dxJDng/bottle-500
12,クリコ・ヴァレー コルディエラ・ピノ・ノワール エクストラ・ブリュット・ブラン・ド・ノワール,チリでクオリティワインを確立したパイオニア。ピノ・ノワール100％で造られるスパークリング。コク深いワンランク上の味わい。,https://www.enoteca.co.jp/item/detail/066871630,https://enoteca.imagewave.pictures/zKsmTVx96oizGLRa6GF3eN/bottle-500
13,カイケン・スパークリング・ロゼ・ブリュット,チリのトップワイナリー、モンテス社がアルゼンチンで手掛けるロゼスパークリングワイン。シャンパーニュ製法による複雑さと飲みごたえある逸品。,https://www.enoteca.co.jp/item/detail/076930073,https://enoteca.imagewave.pictures/B4ytb1D7g/bottle-500
14,カイケン・スパークリング・ブリュット,チリのトップワイナリー、モンテス社がアルゼンチンで手掛けるシリーズ。シャンパーニュ製法で造られる、リッチでエレガントなスパークリングワイン。,https://www.enoteca.co.jp/item/detail/076930402,https://enoteca.imagewave.pictures/owTdb1D7g/bottle-500
15,プロジェクト・クワトロ・カヴァ ロゼ,モダン・スパニッシュワインの実力派、クロ・モンブラン。アロマティックな香りと、キリリとスッキリした味わいの辛口ロゼスパークリングワイン。,https://www.enoteca.co.jp/item/detail/086982923,https://enoteca.imagewave.pictures/dpLwbna5fMn66Zo8mM5LDi/bottle-500
16,プロジェクト・クワトロ・カヴァ,モダン・スパニッシュワインの実力派、クロ・モンブラン。クールな見た目とキレのある飲み口が魅力、不動の人気を誇るカヴァ。,https://www.enoteca.co.jp/item/detail/086982922,https://enoteca.imagewave.pictures/WfVABZJapGePEDVeXKMNsV/bottle-500
17,プロセッコ・エクストラ・ドライ コルテ・ジャーラ ミレッジマート,「イタリアNo.1生産者」に輝いた名門アレグリーニが手掛ける、ヴィンテージスパークリング。繊細で上品な泡が魅力のハイコスパなプロセッコ。,https://www.enoteca.co.jp/item/detail/045341522,https://enoteca.imagewave.pictures/RaYksTDAJPFFPiVkybdE6n/bottle-500
18,プロジェクト・クワトロ・カヴァ プレミアム・レゼルヴァ,モダン・スパニッシュワインの実力派、クロ・モンブラン。彼らが手掛ける上級クラスのヴィンテージカヴァ。重厚感のある味わいが魅力の1本。,https://www.enoteca.co.jp/item/detail/086980012,https://enoteca.imagewave.pictures/asBzKQVUdDHVHkHie6eMd8/bottle-500
19,セラー・セレクション・スパークリング・ソーヴィニヨン・ブラン,日本で一番売れているニュージーランドワインブランド、シレーニが手掛けるスパークリングワイン。フレッシュかつクリーンな味わい。,https://www.enoteca.co.jp/item/detail/098630612,https://enoteca.imagewave.pictures/9RVUAWzyQsfvnkjHqoBDtV/bottle-500
1,イタタ・ヴァレー ラ・カウザ・ナランホ,スペインワインの名門がチリで手掛けるワイナリー。高評価を獲得する、旨味溢れるお値打ちオレンジワイン。,https://www.enoteca.co.jp/item/detail/066871250,https://enoteca.imagewave.pictures/1gbT4k57g/bottle-500
2,ヴィーニャ・エスメラルダ・フロール・ド・ランジュ,スペインワインを牽引する名生産者が、新たに手掛けるオレンジワイン。華やかなアロマと果実味が広がる、親しみやすい味わい。,https://www.enoteca.co.jp/item/detail/080052330,https://enoteca.imagewave.pictures/qYHhqFtouSy4A2jhz5sJxk/bottle-500
3,グリューナー・ヴェルトリーナー オレンジ・コンタクト,繊細なワインで評価を得る、オーストリアのトップワイナリー。塩味がアクセントとなる、滋味深いオレンジワイン。,https://www.enoteca.co.jp/item/detail/1400I0080,https://enoteca.imagewave.pictures/ewZ7vAnzR7dE5WzdBoKHxe/bottle-500
4,オレンジ・ゴールド,輝かしい実績を誇る南仏ヒットメーカーが造るオレンジワイン。複数のブドウをブレンドした華やかなアロマとボリューム感のある味わいが魅力。,https://www.enoteca.co.jp/item/detail/030070360,https://enoteca.imagewave.pictures/akBqGboEsBWXZRbtxvZvpZ/bottle-500
5,ゴヴェルノ,注目のブティックワイナリーがトスカーナの伝統製法で造る、エキゾチックなオレンジワイン。深い香りと骨格を備えた個性的な味わい。,https://www.enoteca.co.jp/item/detail/NS02V0030,https://enoteca.imagewave.pictures/vowovcokgkxZUqJRntyMiT/bottle-500
6,シャトー・マルス 甲州・オランジュ・グリ,「日本人のための日本のワイン」を造り続けるワイナリー。果皮由来の心地よい渋味と旨味が特徴。ブドウの個性が際立つ果実味豊かなオレンジワイン。,https://www.enoteca.co.jp/item/detail/4504664J00O200040,https://enoteca.imagewave.pictures/kxCv38FuiyW6u38koUPQfJ/bottle-500
7,オレンジ・ワイン,北海道のサステナブル・ワイナリーが造る、オレンジワインの入門編に最適な1本。通常の白ワインにはない、程良いボディ感と複雑味が魅力。,https://www.enoteca.co.jp/item/detail/XA16T0050,https://enoteca.imagewave.pictures/j-f0xJD7R/bottle-500
8,アート・テッラ・クルティメンタ,アレンテージョを代表する、ワイナリーが手掛ける1本。オレンジワインのアロマティックで個性的な魅力が詰まった味わい。,https://www.enoteca.co.jp/item/detail/NS02A0080,https://enoteca.imagewave.pictures/xiJt4Qza4hK4yrbKimgs9j/bottle-500
9,クラメレ・レカシュ オレンジ・ナチュラル・ワイン,ルーマニア最大規模の老舗ワイナリーが手掛ける、酸化防止剤無添加の安旨オレンジワイン。フードフレンドリーな親しみやすい味わい。,https://www.enoteca.co.jp/item/detail/NS0020270,https://enoteca.imagewave.pictures/q8xbR7SNgrePpJcN3ivnc8/bottle-500
10,山梨 プレステージ・クラス・オランジェ,宮内庁御用達であった由緒正しい日本ワインの造り手が甲州で造るオレンジワイン。滋味深い旨味と後味の苦みが料理を引き立てる、厚みのある味わい。,https://www.enoteca.co.jp/item/detail/NS1700162,https://enoteca.imagewave.pictures/rinG6gmZj7szySoMFUNrc8/bottle-500
11,山梨 甲州醸しスモーク,国産ブドウにこだわったプレミアムワインの先駆者。甲州ブドウの果皮を72時間もの間浸漬し、燻したような独特の深みを備えるオレンジワイン。,https://www.enoteca.co.jp/item/detail/SD0290030,https://enoteca.imagewave.pictures/slzAx1DnR/bottle-500
12,オルロージュ・甲州醸し,国産ブドウにこだわったプレミアムワインの先駆者。柑橘系を想わせる果実味と旨味、引き締まったボディを感じさせる、存在感のあるオレンジワイン。,https://www.enoteca.co.jp/item/detail/4502964J00S200040,https://enoteca.imagewave.pictures/D9XSk4a3rvnyy8KNQavVkY/bottle-500
13,クレメンタイン・ピノ・グリ,多くの金賞や評論家の評価を獲得する優良生産者。オーストラリアワインの常識を覆すチャーミングなオレンジワイン。,https://www.enoteca.co.jp/item/detail/NS02J0030,https://enoteca.imagewave.pictures/YTd0bJD7g/bottle-500
14,ヴィノテッラ・ルカツィテリ,ジョージアの伝統とヨーロッパの技巧を合わせる造り手が、伝統的なクヴェヴリ醸造で仕立てるオレンジワイン。豊かな果実感を備えた滋味深い味わい。,https://www.enoteca.co.jp/item/detail/NS0050090,https://enoteca.imagewave.pictures/6oMKX9eNwWzR4vsMdJaTh7/bottle-500
15,ベレ・ナチュレル,プロも注目するオーストリアの老舗ワイナリー。多彩なアロマと柔らかい旨味が魅力のグリューナー・ヴェルトリーナー100%のオレンジワイン。,https://www.enoteca.co.jp/item/detail/XA0070010,https://enoteca.imagewave.pictures/sd2GW62Rvua2xSdJnQwwL6/bottle-500
16,ホワイト・ラベル・ピノ・グリ,新進気鋭のワイナリーが手掛けるオレンジワイン。しっかりとした酸味と果実味のバランスが取れた、エレガントな味わい。,https://www.enoteca.co.jp/item/detail/NS03M0010,https://enoteca.imagewave.pictures/zsoVKJxF4oMZ6BV4rwYoiF/bottle-500
17,オレンジ ドライ・ホワイト・ワイン,古代銘醸地レスボス島を復活させた注目の造り手が土着品種で造る、逆転の発想のオレンジワイン。華やかなアロマとアーシーなタッチが魅力。,https://www.enoteca.co.jp/item/detail/NS0050110,https://enoteca.imagewave.pictures/HCkmFUoZRehZGzcquTdGzc/bottle-500
18,マカシヴィリ・ワイン・セラー ムツヴァネ,多くのコンクールで高評価を獲得する自然派ワイナリー。ジョージアの土着品種を使用した、華やかでクリアな味わいのオレンジワイン。,https://www.enoteca.co.jp/item/detail/NS0040140,https://enoteca.imagewave.pictures/xUI1x1D7R/bottle-500
19,マカシヴィリ・ワイン・セラー・ヒフヴィ,多くのコンクールで高評価を獲得する自然派ワイナリー。ジョージアワイン初心者にもおすすめなリッチながらもクリーンな味わいのオレンジワイン。,https://www.enoteca.co.jp/item/detail/NS0040050,https://enoteca.imagewave.pictures/SbfgTdVw3FeAKCnsHguvZE/bottle-500
